{
    "large_topics": ["country_manager", "pops", "interest_groups", "building_ownership_manager",
    "building_manager", "states", "character_manager", "journal_entry_manager", "relations", "laws", "new_combat_unit_manager", "provinces"],
    "default_directories": {
        "Common Directory":"./common",
        "Events Directory":"./events",
        "Localization Directory":"./localization",
        "Localization Language":"english",
        "Mods Directory": "",
        "Tree File Location":"",
        "Autosave Location":"",
        "Campaign Folder": "autosaves",
        "Selected Mod": ""
    }
}